home,away,prob_home,prob_away,top_score,confidence
France,Argentina,0.495377898817481,0.504622101182519,1-2,LOW CONFIDENCE
France,Argentina,0.495377898817481,0.504622101182519,1-2,LOW CONFIDENCE
France,Argentina,0.4318900188194008,0.5681099811805992,1-2,MEDIUM CONFIDENCE
France,Argentina,0.4318900188194008,0.5681099811805992,1-2,MEDIUM CONFIDENCE
France,Argentina,0.495377898817481,0.504622101182519,1-2,LOW CONFIDENCE
Brazil,Germany,0.5070813789459279,0.4929186210540721,1-2,LOW CONFIDENCE
Algeria,Argentina,0.4798172000476808,0.5201827999523191,1-2,LOW CONFIDENCE
